--------------------------------------------------------------------
-- this script consists of a test sample data of Samsung work       
--        
--------------------------------------------------------------------
CLEAR SCREEN
DROP TABLE INSURANCE_COMPENSATION;
DROP TABLE RETURN;
DROP TABLE TRANSACTION;
DROP TABLE STAFF;
DROP TABLE DEPARTMENT;
DROP TABLE PRODUCT;
DROP TABLE BRANCH;
DROP TABLE CUSTOMER;
alter session set NLS_DATE_FORMAT='DD/MM/YYYY'; 

CREATE TABLE CUSTOMER 
(
  Customer_id              NUMBER(4) PRIMARY KEY,
  Customer_name            VARCHAR2(40),
  Customer_dob             Date,
  Customer_gender          CHAR(1),
  Customer_phone_num       NUMBER(20)
  
);

CREATE TABLE BRANCH (
   Branch_id         NUMBER(20) PRIMARY KEY,
   Branch_name       Char(50) UNIQUE,
   Branch_phone_num  NUMBER(20) UNIQUE,
   HOB               NUMBER(5) UNIQUE
);

CREATE TABLE PRODUCT (
   Product_id         NUMBER(4) PRIMARY KEY,
   Product_name       Char(30) NOT NULL,
   Product_price      NUMBER(6) NOT NULL,
   Branch_id          NUMBER(20),
FOREIGN KEY (Branch_id) references BRANCH(Branch_id) On delete cascade
);

CREATE TABLE DEPARTMENT (
   Department_id   	    NUMBER(4) PRIMARY KEY,
   Department_name 	    VARCHAR(30),
   Num_of_workers  	    NUMBER(1) NOT NULL,
   Department_phone_num NUMBER(20),
   Branch_id        	NUMBER(20),
   HOD   	            NUMBER(5),
FOREIGN KEY (Branch_id) references BRANCH(Branch_id) On delete cascade
);

CREATE TABLE STAFF (
  Staff_id        NUMBER(5) PRIMARY KEY,
  Staff_name      VARCHAR2(60),
  Staff_dob       DATE,
  Staff_address   VARCHAR2(100),
  Staff_phone_num NUMBER(12) Unique,
  Staff_gender    CHAR(1) Not Null,
  Staff_position  CHAR(20) Not Null,
  Date_hired      DATE,
  Department_id   NUMBER(4), Check (Department_id between 5000 and 5004),
FOREIGN KEY (Department_id) references DEPARTMENT(Department_id) On delete cascade
);

CREATE TABLE TRANSACTION (
   Transaction_id      Number(4) PRIMARY KEY,
   Product_id          NUMBER(4) Check (Product_id between 2000 and 2004),
   Product_price       NUMBER(6) Not Null,
   Customer_id         Number(4) Check (Customer_id between 1000 and 1070), 
   Transaction_date    DATE,
FOREIGN KEY (Product_id) references PRODUCT(Product_id),
FOREIGN KEY (Customer_id) references CUSTOMER(Customer_id) on delete cascade
);

CREATE TABLE RETURN (
   Return_id           NUMBER(4) PRIMARY KEY,
   Transaction_id      NUMBER(4) UNIQUE,
   Product_price       NUMBER(6) NOT NULL,
   Customer_id         NUMBER(4) Check (Customer_id between 1000 and 1070),
   Transaction_date    DATE,
   Return_date         DATE,
FOREIGN KEY (Transaction_id) references TRANSACTION(Transaction_id),
FOREIGN KEY (Customer_id) references CUSTOMER(Customer_id) on delete cascade
);
CREATE TABLE INSURANCE_COMPENSATION (
   Compensation_id           NUMBER(4) PRIMARY KEY,
   Transaction_id            NUMBER(4),
   Compensation_price        NUMBER(6),
   Customer_id               NUMBER(4) Check (Customer_id between 1000 and 1070),
   Compensation_date         DATE,
FOREIGN KEY (Transaction_id) references TRANSACTION(Transaction_id),
FOREIGN KEY (Customer_id) references CUSTOMER(Customer_id) on delete cascade
);

REM*******************************************************
REM CUSTOMER TABLE
REM*******************************************************
INSERT INTO CUSTOMER VALUES (1001,'Hii Cheam Fa','09/02/1983','M','0162602898');
INSERT INTO CUSTOMER VALUES (1002,'Song Kai Qi','05/01/1997','F','0156089527');
INSERT INTO CUSTOMER VALUES (1003,'Muhamad Sardine bin Nik Ab','03/07/1979','M','014958727');
INSERT INTO CUSTOMER VALUES (1004,'Muhamed Idzwan bin Syed Zarith Batisah','01/04/1998','M','0156895899');
INSERT INTO CUSTOMER VALUES (1005,'Samy Bastianpillai Pavandeep Rishyakaran','05/09/2001','M','0122016218');
INSERT INTO CUSTOMER VALUES (1006,'Muhamad Syed Faiq Hairulnizam','09/07/2001','M','0176895231');
INSERT INTO CUSTOMER VALUES (1007,'Hee Khar Wah','08/08/1987','M','0162602358');
INSERT INTO CUSTOMER VALUES (1008,'Chow Jun Sheng','09/05/2002','M','0133889177');
INSERT INTO CUSTOMER VALUES (1009,'Saravanan Samy','08/03/1989','M','0167891234');
INSERT INTO CUSTOMER VALUES (1010,'M.G. Marimuthu','09/07/1990','M','0179995642');
INSERT INTO CUSTOMER VALUES (1011,'Muhammad Haji Aminuddin Amsyar bin Iqmal','30/08/1972','M','0182543221');
INSERT INTO CUSTOMER VALUES (1012,'Aun Fai Doo','08/06/2001','F','0189694352');
INSERT INTO CUSTOMER VALUES (1013,'Rajesh Shekhar','27/01/1992','M','0198736533');
INSERT INTO CUSTOMER VALUES (1014,'Thomas Thompson','02/02/1966','M','0135059494');
INSERT INTO CUSTOMER VALUES (1015,'B.Suresh','21/07/1998','M','0195689724');
INSERT INTO CUSTOMER VALUES (1016,'Mohamed Nik Salamon bin Khairudin','24/07/1996','M','0196385964');
INSERT INTO CUSTOMER VALUES (1017,'Amy Seoh Leng Xiah','05/07/1987','F','0122839703');
INSERT INTO CUSTOMER VALUES (1018,'Janaky Moorthy Veerappan','08/05/1991','M','0179432568');
INSERT INTO CUSTOMER VALUES (1019,'Mohamad Haji Tunan bin Che Saifuzin','02/01/1990','M','0138792356');
INSERT INTO CUSTOMER VALUES (1020,'Jack See','22/06/1982','M','0132549494');
INSERT INTO CUSTOMER VALUES (1021,'Goh Wei','23/04/1956','F','0169260851');
INSERT INTO CUSTOMER VALUES (1022,'Champalala Norman','22/07/1999','F','0100281459');
INSERT INTO CUSTOMER VALUES (1023,'Nur Yaakob','24/04/2000','F','0149360321');
INSERT INTO CUSTOMER VALUES (1024,'Chu Zheng Jie','22/01/1943','M','0124306676');
INSERT INTO CUSTOMER VALUES (1025,'Cindy Mohamarul','03/04/1988','F','0133062382');
INSERT INTO CUSTOMER VALUES (1026,'Hajjah Fazlina Jasni binti Norizal','25/07/1969','F','0153135281');
INSERT INTO CUSTOMER VALUES (1027,'Mah Leang Lieu','08/09/1967','M','0101805766');
INSERT INTO CUSTOMER VALUES (1028,'Yep Gu Tio','06/07/1982','M','0164950045');
INSERT INTO CUSTOMER VALUES (1029,'Leong Mar Kheang','21/10/1988','M','0155182719');
INSERT INTO CUSTOMER VALUES (1030,'M.Swarna','14/03/2000','F','0171148401');
INSERT INTO CUSTOMER VALUES (1031,'Josephine Chin','02/10/1991','F','0127374528');
INSERT INTO CUSTOMER VALUES (1032,'Mohammed Farhan bin Abdul Razik','23/04/1987','M','0128927447');
INSERT INTO CUSTOMER VALUES (1033,'Gurjeet Singh Harinder Singh','10/02/1992','M','0112311156');
INSERT INTO CUSTOMER VALUES (1034,'Ilhan Omar bin Ilhan Hamid','23/12/1995','M','0196567156');
INSERT INTO CUSTOMER VALUES (1035,'Sanjana Menon Murthy','30/03/1985','F','0119662341');
INSERT INTO CUSTOMER VALUES (1036,'Nur Izzati binti Muhammad Syafiq','04/01/1994','F','0128885432');
INSERT INTO CUSTOMER VALUES (1037,'Ezekiel Lim Jia Hui','20/11/1993','M','0132779284');
INSERT INTO CUSTOMER VALUES (1038,'Camilla Chee','25/10/1984','F','0124352109');
INSERT INTO CUSTOMER VALUES (1039,'Ahmad Akmal bin Ahmad Ali','10/03/1980','M','0193447421');
INSERT INTO CUSTOMER VALUES (1040,'Priyanka Sundram Subramaniam','09/05/1995','F','0128679199');
INSERT INTO CUSTOMER VALUES (1041,'Kaushal Kaur Surjit Singh','14/06/1983','F','0178617288');
INSERT INTO CUSTOMER VALUES (1042,'Jamie Cheng Lei','25/07/1990','F','0113636420');
INSERT INTO CUSTOMER VALUES (1043,'Arjun Menon Aakesh','23/04/1993','M','0198987734');
INSERT INTO CUSTOMER VALUES (1044,'Muhammad Ramy bin Mohammed Ashour','17/01/1980','M','0178075544');
INSERT INTO CUSTOMER VALUES (1045,'Nur Alisa binti Muhammad','15/06/1994','F','0122886448');
INSERT INTO CUSTOMER VALUES (1046,'Muhammad Harris bin Danial','12/08/1989','M','0117071143');
INSERT INTO CUSTOMER VALUES (1047,'Pooja rai Kapoor','14/04/1996','F','0189762587');
INSERT INTO CUSTOMER VALUES (1048,'Nurul Alia binti Syed Mohamad','11/02/1992','F','0197931992');
INSERT INTO CUSTOMER VALUES (1049,'Daniel Kumar Rahul','26/04/1996','M','0126697311');
INSERT INTO CUSTOMER VALUES (1050,'Muhammad bin Elshorbagy','16/01/1986','M','0115552308');
INSERT INTO CUSTOMER VALUES (1051,'Mansour Bahrami','13/02/1979','M','0176221478');
INSERT INTO CUSTOMER VALUES (1052,'Katie Stewart','19/05/1985','F','0189888787');
INSERT INTO CUSTOMER VALUES (1053,'Muhammad Karim bin Shukri','14/09/1974','M','0173222139');
INSERT INTO CUSTOMER VALUES (1054,'Angelina Watson','18/10/1988','F','0121111988 ');
INSERT INTO CUSTOMER VALUES (1055,'Arthur Hamilton','12/12/1982','M','0189091932');
INSERT INTO CUSTOMER VALUES (1056,'Melissa Graham','02/02/1992','F','0122781922');
INSERT INTO CUSTOMER VALUES (1057,'Sebastian Corleone','27/03/1990','M','0119143260');
INSERT INTO CUSTOMER VALUES (1058,'Omari Jacobson','19/01/1972','M','0118401200');
INSERT INTO CUSTOMER VALUES (1059,'Puteri Aisyah binti Noor','26/11/1991','F','0199821080');
INSERT INTO CUSTOMER VALUES (1060,'Ashvin Kumar Subramaniam','18/05/1994','M','0118543212');
INSERT INTO CUSTOMER VALUES (1061,'Abdul Gawad bin Farag','11/08/1993','M','0121107645');
INSERT INTO CUSTOMER VALUES (1062,'Luca Zhe Jian','19/06/1997','M','0172071973');
INSERT INTO CUSTOMER VALUES (1063,'Amber Lim','07/05/1995','F','0119220202');
INSERT INTO CUSTOMER VALUES (1064,'David Rodrigo','06/02/1982','M','0162892109');
INSERT INTO CUSTOMER VALUES (1065,'Crystal Reed Huang','05/03/1996','F','0152051301');
INSERT INTO CUSTOMER VALUES (1066,'Harold Kumar Nalliah','27/08/1998','M','0172061231');
INSERT INTO CUSTOMER VALUES (1067,'Chan Li Mei','13/07/1992','F','0158960589');
INSERT INTO CUSTOMER VALUES (1068,'Alexander Zverev','17/07/1997','M','0133665634');
INSERT INTO CUSTOMER VALUES (1069,'Sasha Sanon Ramesh','23/01/1987','F','0123709002');
INSERT INTO CUSTOMER VALUES (1070,'Thomas Kwan','18/10/1983','M','0152055578');

REM***********************
REM  BRANCH TABLE
REM***********************
INSERT INTO BRANCH VALUES (3000,'Samsung Electronics','1800228899',43225);
INSERT INTO BRANCH VALUES (3001,'Samsung Life Insurance','1800889999',43230);
INSERT INTO BRANCH VALUES (3002,'Samsung Management','1800890000',43231);


REM***********************
REM  PRODUCT TABLE
REM***********************
INSERT INTO PRODUCT VALUES (2000,'Semiconductor','500',3000);
INSERT INTO PRODUCT VALUES (2001,'Smartphones','3000',3000);
INSERT INTO PRODUCT VALUES (2002,'Smart Watches','1500',3000);
INSERT INTO PRODUCT VALUES (2003,'Laptops','4000',3000);
INSERT INTO PRODUCT VALUES (2004,'Insurance','1500',3001);

REM***********************
REM  DEPARTMENT TABLE
REM***********************
INSERT INTO DEPARTMENT VALUES (5000,'Sales Department 1',5,'60377137420',3000,43218);
INSERT INTO DEPARTMENT VALUES (5001,'Sales Department 2',5,'60377137421',3001,43220);
INSERT INTO DEPARTMENT VALUES (5002,'Design Department',4,'60377137422',3000,43224);
INSERT INTO DEPARTMENT VALUES (5003,'Management Department',4,'60377137423',3002,43231);
INSERT INTO DEPARTMENT VALUES (5004,'Finance Department',4,'60377137424',3001,43229);

REM***********************
REM  STAFF TABLE
REM***********************
INSERT INTO STAFF VALUES (43211,'Lee Jin Khai','24/01/2001','10, Jalan 7, Kondominium Awan, 71055 Labu, Negeri Sembilan Darul Khusus','60154471568','M','General Staff','28/07/2020',5000);
INSERT INTO STAFF VALUES (43212,'Sindhu Kumar','06/03/1999','No.7, Jalan Tun Razak 2/11, Lembah Aman, 62277 Precinct 13, Putrajaya','60178899833','F','General Staff','29/05/2019',5000);
INSERT INTO STAFF VALUES (43213,'Firdaus bin Abdul Ali','05/04/2002','Lot 17, Jalan Syed Putra 2/3, Bandar Seri Permai, 80896 Pasir Gudang, Johor','60162658998','M','General Staff','23/03/2018',5000);
INSERT INTO STAFF VALUES (43214,'Mohammad Husain Maskor bin Salmi Hazizan','07/12/1988','Z-62-41, Jln Ledang 7Y, Bukit Perdana, 75055 Simpang Ampat, Melaka','60125899951','M','Team Leader','04/05/2020',5000);
INSERT INTO STAFF VALUES (43215,'Rakesh Arivanathan Varatharaju Sakadivan','08/02/1994','No.55, Lorong Thambipillay 7/11B, PJS56, 59834 Taman Desa, Wp Kuala Lumpur','60137001543','M','General Staff','03/05/2020',5001);
INSERT INTO STAFF VALUES (43216,'Nur Hajjah Rabiatul Daniel binti Syed Sardine Bakti','05/05/1988 ','Lot 42, Jalan Lt. Adnan 1/3, Seksyen 5, 05656 Lunas, Kedah Darul Aman','60149244182','F','Team Leader','02/02/2010',5001);
INSERT INTO STAFF VALUES (43217,'Munshi Vivasvan Theseira','08/03/1990','198, Jln 4/6M, Taman Puchong, 70067 Juasseh, Negeri Sembilan','60133507899','M','General Staff','03/06/2011',5001);
INSERT INTO STAFF VALUES (43218,'Nurul Hajjah An Nur','03/07/1994','Manap 2, Jalan Yap Kwan Seng 3, Bandar Seri Tun Perak, 64112 Bandar Baru Bangi, Selangor','60154592624','F','HOD','24/07/2015',5000);
INSERT INTO STAFF VALUES (43219,'Ambiga Chelvan Pria','15/05/1976','No. 9, Jalan Cochrane 43G, PJS99, 62009 Precinct 13, Putrajaya','60159644368','F','General Staff','03/08/2017',5001);
INSERT INTO STAFF VALUES (43220,'Shayira binti Syed Zakii','18/07/1995','37, Jalan 5S, Kampung Saujana, 01351 Sanglang, Perlis','60158899837','F','HOD','07/06/2016',5001);
INSERT INTO STAFF VALUES (43221,'Phang Ye Shou','05/05/1995','No. 954, Jalan 67I, SS19B, 57055 Seputeh, Kuala Lumpur','60193500887','M','Designer','04/05/2018',5002);
INSERT INTO STAFF VALUES (43222,'Chai Tia Lean','19/01/1995','2, Jalan Birch 11B, Pangsapuri Putra, 55209 Semarak, KL','60192871217','M','Designer','06/02/2018',5002);
INSERT INTO STAFF VALUES (43223,'S.A. Mohinder','22/06/1996','9-5, Jalan 9/3, PJU11T, 62570 Precinct 4, Putrajaya','60162858260','M','Team Leader','08/09/2017',5002);
INSERT INTO STAFF VALUES (43224,'Kamal Jomo Kwame Kumaresan','31/12/1989','No. 93, Jln 2/3W, Desa Angkasa, 41718 Petaling Jaya, Selangor','60182457623','M','HOD','23/06/2020',5002);
INSERT INTO STAFF VALUES (43225,'Stella Lian Suan Shui','12/12/1976','831, Lorong 4/1, Petaling Tun Perak, 63441 Rawang, Selangor Darul Ehsan','60168912589','F','HOB','04/10/2007',5003);
INSERT INTO STAFF VALUES (43226,'Syed Allif Mutalib','08/08/1988','46, Lorong 9/5C, Seksyen 55, 63777 Bestari Jaya, Selangor Darul Ehsan','60158977888','M','General Staff','23/01/2011',5004);
INSERT INTO STAFF VALUES (43227,'Emily Tan','01/05/1988','5, Jalan ABC, Taman CDE, 46500, Selangor, Malaysia','60182204721','F','General Staff','03/06/2019',5004);
INSERT INTO STAFF VALUES (43228,'Kayla Keong','02/06/1977','77, Jalan DEF, Taman XYZ, 87900, Sarawak, Malaysia','60145369494','F','Team Leader','05/06/2009',5004);
INSERT INTO STAFF VALUES (43229,'Abdullah Mohammad','23/08/1981','Jalan Ampang, Taman Kenanga, 43200, Selangor, Malaysia','60133279494','M','HOD','01/02/2020',5004);
INSERT INTO STAFF VALUES (43230,'Oliver Martin','07/06/1983','A122, Jalan Fahran, Taman SSS, 87900, Sarawak, Malaysia','60137089494','M','HOB','07/02/2014',5003);
INSERT INTO STAFF VALUES (43231,'Muhammad Shaqil Imran','21/10/1988','No. 8, Jln Sultan Sulaiman 6/98, Taman Tinggi, 62811 Precinct 16, Putrajaya','60145182719','M','CEO','09/08/2020',5003);
INSERT INTO STAFF VALUES (43232,'Cheong Chien Wei','14/05/2001','No. 8, Lorong 2/67, PJU38, 40345 Paya Jaras, Selangor Darul Ehsan','60151148401','F','User','09/09/2020',5003);

REM***********************
REM  Transaction TABLE
REM***********************
INSERT INTO TRANSACTION VALUES (7000,2000,'500',1001,'07/01/2021');
INSERT INTO TRANSACTION VALUES (7001,2002,'1500',1002,'07/01/2021');
INSERT INTO TRANSACTION VALUES (7002,2001,'3000',1003,'07/01/2021');
INSERT INTO TRANSACTION VALUES (7003,2003,'4000',1004,'07/01/2021');
INSERT INTO TRANSACTION VALUES (7004,2004,'1500',1005,'07/01/2021');
INSERT INTO TRANSACTION VALUES (7005,2000,'500',1006,'07/01/2021');
INSERT INTO TRANSACTION VALUES (7006,2002,'1500',1007,'07/01/2021');
INSERT INTO TRANSACTION VALUES (7007,2001,'3000',1008,'07/01/2021');
INSERT INTO TRANSACTION VALUES (7008,2003,'4000',1009,'07/01/2021');
INSERT INTO TRANSACTION VALUES (7009,2004,'1500',1010,'07/01/2021');
INSERT INTO TRANSACTION VALUES (7010,2000,'500',1011,'07/01/2021');
INSERT INTO TRANSACTION VALUES (7011,2002,'1500',1012,'07/01/2021');
INSERT INTO TRANSACTION VALUES (7012,2001,'3000',1013,'07/01/2021');
INSERT INTO TRANSACTION VALUES (7013,2003,'4000',1014,'07/01/2021');
INSERT INTO TRANSACTION VALUES (7014,2004,'1500',1015,'08/01/2021');
INSERT INTO TRANSACTION VALUES (7015,2000,'500',1016,'08/01/2021');
INSERT INTO TRANSACTION VALUES (7016,2002,'1500',1017,'08/01/2021');
INSERT INTO TRANSACTION VALUES (7017,2001,'3000',1018,'08/01/2021');
INSERT INTO TRANSACTION VALUES (7018,2003,'4000',1019,'08/01/2021');
INSERT INTO TRANSACTION VALUES (7019,2004,'1500',1020,'08/01/2021');
INSERT INTO TRANSACTION VALUES (7020,2000,'500',1021,'08/01/2021');
INSERT INTO TRANSACTION VALUES (7021,2001,'3000',1022,'08/01/2021');
INSERT INTO TRANSACTION VALUES (7022,2003,'4000',1023,'08/01/2021');
INSERT INTO TRANSACTION VALUES (7023,2004,'1500',1024,'08/01/2021');
INSERT INTO TRANSACTION VALUES (7024,2000,'500',1025,'08/01/2021');
INSERT INTO TRANSACTION VALUES (7025,2003,'4000',1026,'08/01/2021');
INSERT INTO TRANSACTION VALUES (7026,2004,'1500',1027,'08/01/2021');
INSERT INTO TRANSACTION VALUES (7027,2000,'500',1028,'08/01/2021');
INSERT INTO TRANSACTION VALUES (7028,2004,'1500',1029,'08/01/2021');
INSERT INTO TRANSACTION VALUES (7029,2000,'500',1030,'08/01/2021');
INSERT INTO TRANSACTION VALUES (7030,2000,'500',1031,'08/01/2021');
INSERT INTO TRANSACTION VALUES (7031,2002,'1500',1032,'09/01/2021');
INSERT INTO TRANSACTION VALUES (7032,2001,'3000',1033,'09/01/2021');
INSERT INTO TRANSACTION VALUES (7033,2003,'4000',1034,'09/01/2021');
INSERT INTO TRANSACTION VALUES (7034,2004,'1500',1035,'09/01/2021');
INSERT INTO TRANSACTION VALUES (7035,2004,'1500',1036,'09/01/2021');
INSERT INTO TRANSACTION VALUES (7036,2004,'1500',1037,'09/01/2021');
INSERT INTO TRANSACTION VALUES (7037,2004,'1500',1038,'09/01/2021');
INSERT INTO TRANSACTION VALUES (7038,2004,'1500',1039,'09/01/2021');
INSERT INTO TRANSACTION VALUES (7039,2004,'1500',1040,'09/01/2021');
INSERT INTO TRANSACTION VALUES (7040,2000,'500',1041,'09/01/2021');
INSERT INTO TRANSACTION VALUES (7041,2002,'1500',1042,'09/01/2021');
INSERT INTO TRANSACTION VALUES (7042,2001,'3000',1043,'09/01/2021');
INSERT INTO TRANSACTION VALUES (7043,2003,'4000',1044,'09/01/2021');
INSERT INTO TRANSACTION VALUES (7044,2004,'1500',1045,'09/01/2021');
INSERT INTO TRANSACTION VALUES (7045,2000,'500',1046,'09/01/2021');
INSERT INTO TRANSACTION VALUES (7046,2001,'3000',1047,'09/01/2021');
INSERT INTO TRANSACTION VALUES (7047,2003,'4000',1048,'09/01/2021');
INSERT INTO TRANSACTION VALUES (7048,2001,'3000',1049,'09/01/2021');
INSERT INTO TRANSACTION VALUES (7049,2004,'4000',1050,'09/01/2021');
INSERT INTO TRANSACTION VALUES (7050,2004,'500',1051,'09/01/2021');
INSERT INTO TRANSACTION VALUES (7051,2004,'1500',1052,'09/01/2021');
INSERT INTO TRANSACTION VALUES (7052,2004,'3000',1053,'09/01/2021');
INSERT INTO TRANSACTION VALUES (7053,2004,'4000',1054,'09/01/2021');
INSERT INTO TRANSACTION VALUES (7054,2004,'1500',1055,'09/01/2021');
INSERT INTO TRANSACTION VALUES (7055,2004,'1500',1056,'09/01/2021');
INSERT INTO TRANSACTION VALUES (7056,2004,'1500',1057,'09/01/2021');
INSERT INTO TRANSACTION VALUES (7057,2004,'1500',1058,'09/01/2021');
INSERT INTO TRANSACTION VALUES (7058,2004,'1500',1059,'09/01/2021');
INSERT INTO TRANSACTION VALUES (7059,2004,'1500',1060,'09/01/2021');
INSERT INTO TRANSACTION VALUES (7060,2000,'500',1061,'09/01/2021');
INSERT INTO TRANSACTION VALUES (7061,2002,'1500',1062,'09/01/2021');
INSERT INTO TRANSACTION VALUES (7062,2004,'1500',1063,'09/01/2021');
INSERT INTO TRANSACTION VALUES (7063,2004,'1500',1064,'09/01/2021');
INSERT INTO TRANSACTION VALUES (7064,2004,'1500',1065,'09/01/2021');
INSERT INTO TRANSACTION VALUES (7065,2000,'500',1066,'09/01/2021');
INSERT INTO TRANSACTION VALUES (7066,2001,'3000',1067,'09/01/2021');
INSERT INTO TRANSACTION VALUES (7067,2003,'4000',1068,'09/01/2021');
INSERT INTO TRANSACTION VALUES (7068,2004,'1500',1069,'09/01/2021');
INSERT INTO TRANSACTION VALUES (7069,2004,'1500',1070,'09/01/2021');

REM***********************
REM  RETURN TABLE
REM***********************
INSERT INTO RETURN VALUES (9000,7000,'500',1001,'07/01/2021','10/01/2021');
INSERT INTO RETURN VALUES (9001,7001,'1500',1002,'07/01/2021','10/01/2021');
INSERT INTO RETURN VALUES (9002,7002,'3000',1003,'07/01/2021','10/01/2021');
INSERT INTO RETURN VALUES (9003,7003,'4000',1004,'07/01/2021','10/01/2021');
INSERT INTO RETURN VALUES (9004,7015,'500',1016,'08/01/2021','10/01/2021');
INSERT INTO RETURN VALUES (9005,7016,'1500',1017,'08/01/2021','11/01/2021');
INSERT INTO RETURN VALUES (9006,7017,'3000',1018,'08/01/2021','11/01/2021');
INSERT INTO RETURN VALUES (9007,7029,'500',1030,'08/01/2021','11/01/2021');
INSERT INTO RETURN VALUES (9008,7030,'500',1031,'08/01/2021','11/01/2021');
INSERT INTO RETURN VALUES (9009,7031,'1500',1032,'09/01/2021','11/01/2021');
INSERT INTO RETURN VALUES (9010,7032,'3000',1033,'09/01/2021','11/01/2021');
INSERT INTO RETURN VALUES (9011,7040,'500',1041,'09/01/2021','11/01/2021');
INSERT INTO RETURN VALUES (9012,7041,'1500',1042,'09/01/2021','11/01/2021');
INSERT INTO RETURN VALUES (9013,7042,'3000',1043,'09/01/2021','11/01/2021');
INSERT INTO RETURN VALUES (9014,7043,'4000',1044,'09/01/2021','11/01/2021');
INSERT INTO RETURN VALUES (9015,7048,'3000',1049,'09/01/2021','11/01/2021');
INSERT INTO RETURN VALUES (9016,7049,'4000',1050,'09/01/2021','11/01/2021');
INSERT INTO RETURN VALUES (9017,7050,'500',1051,'09/01/2021','11/01/2021');
INSERT INTO RETURN VALUES (9018,7051,'1500',1052,'09/01/2021','11/01/2021');
INSERT INTO RETURN VALUES (9019,7052,'3000',1053,'09/01/2021','11/01/2021');
INSERT INTO RETURN VALUES (9020,7053,'4000',1054,'09/01/2021','11/01/2021');

REM***********************
REM  INSURANCE_COMPENSATION TABLE
REM***********************
INSERT INTO INSURANCE_COMPENSATION VALUES (6000,7004,'500',1005,'12/01/2021');
INSERT INTO INSURANCE_COMPENSATION VALUES (6001,7009,'100',1010,'12/01/2021');
INSERT INTO INSURANCE_COMPENSATION VALUES (6002,7014,'200',1015,'12/01/2021');
INSERT INTO INSURANCE_COMPENSATION VALUES (6003,7019,'1000',1020,'12/01/2021');
INSERT INTO INSURANCE_COMPENSATION VALUES (6004,7023,'1500',1024,'12/01/2021');
INSERT INTO INSURANCE_COMPENSATION VALUES (6005,7026,'500',1027,'12/01/2021');
INSERT INTO INSURANCE_COMPENSATION VALUES (6006,7034,'100',1035,'13/01/2021');
INSERT INTO INSURANCE_COMPENSATION VALUES (6007,7035,'300',1036,'13/01/2021');
INSERT INTO INSURANCE_COMPENSATION VALUES (6008,7036,'900',1037,'13/01/2021');
INSERT INTO INSURANCE_COMPENSATION VALUES (6009,7037,'800',1038,'13/01/2021');
INSERT INTO INSURANCE_COMPENSATION VALUES (6010,7038,'600',1039,'13/01/2021');
INSERT INTO INSURANCE_COMPENSATION VALUES (6011,7039,'500',1040,'13/01/2021');
INSERT INTO INSURANCE_COMPENSATION VALUES (6012,7044,'1500',1045,'13/01/2021');
INSERT INTO INSURANCE_COMPENSATION VALUES (6013,7054,'1500',1055,'13/01/2021');
INSERT INTO INSURANCE_COMPENSATION VALUES (6014,7055,'1500',1056,'13/01/2021');
INSERT INTO INSURANCE_COMPENSATION VALUES (6015,7056,'1500',1057,'13/01/2021');
INSERT INTO INSURANCE_COMPENSATION VALUES (6016,7057,'1500',1058,'13/01/2021');
INSERT INTO INSURANCE_COMPENSATION VALUES (6017,7058,'1500',1059,'13/01/2021');
INSERT INTO INSURANCE_COMPENSATION VALUES (6018,7059,'1500',1060,'13/01/2021');
INSERT INTO INSURANCE_COMPENSATION VALUES (6019,7064,'1500',1065,'13/01/2021');
INSERT INTO INSURANCE_COMPENSATION VALUES (6020,7069,'1500',1069,'13/01/2021');
